sample_id,pama_conc,peo_conc,dep_v,vol_pama_uL,vol_peo_uL,vol_solvent_uL,final_vol_uL
1,12.829047,12.879146,0.854537,19.244,55.196,225.560,300.000
2,25.096597,29.594932,1.718631,37.645,126.835,135.520,300.000
3,32.875311,48.835112,1.911599,49.313,209.293,41.394,300.000
4,15.890830,22.006413,1.173100,23.836,94.313,181.851,300.000
5,37.354371,14.378167,1.295316,56.032,61.621,182.348,300.000
