sample_id,pama_conc_mg_per_mL,peo_conc_mg_per_mL,dep_v,vol_pama_uL,vol_peo_uL,vol_solvent_uL,final_vol_uL
1,129.620072,86.757365,1.955677,194.430,371.817,0.000,300.000
2,47.240489,0.000000,1.270905,70.861,0.000,229.139,300.000
3,24.346511,56.974835,1.151618,36.520,244.178,19.302,300.000
4,38.182273,40.839201,1.594140,57.273,175.025,67.701,300.000
5,0.000000,21.697322,1.778624,0.000,92.989,207.011,300.000
6,11.367273,14.768248,0.926333,17.051,63.292,219.657,300.000
