{
    "A2": {
        "Start Time": 1690497089,
        "Solutions Time": 1690497656,
        "Deposition Time": 1690497996,
        "Rinse Time": 1690499112,
        "Characterization Time": 1690499549,
        "Clear Well Time": 1690499769,
        "Flush Time": 1690499875,
        "End Time": 1690499875,
        "Well Time": 2785.073005914688
    },
    "A3": {
        "Start Time": 1690499875,
        "Solutions Time": 1690500442,
        "Deposition Time": 1690500781,
        "Rinse Time": 1690501893,
        "Characterization Time": 1690502329,
        "Clear Well Time": 1690502549,
        "Flush Time": 1690502656,
        "End Time": 1690502656,
        "Well Time": 2780.0395851135254
    },
    "A4": {
        "Start Time": 1690502656,
        "Solutions Time": 1690503222,
        "Deposition Time": 1690503562,
        "Rinse Time": 1690504673,
        "Characterization Time": 1690505109,
        "Clear Well Time": 1690505330,
        "Flush Time": 1690505436,
        "End Time": 1690505436,
        "Well Time": 2779.8282995224
    },
    "A5": {
        "Start Time": 1690505436,
        "Solutions Time": 1690506003,
        "Deposition Time": 1690506342,
        "Rinse Time": 1690507454,
        "Characterization Time": 1690507890,
        "Clear Well Time": 1690508110,
        "Flush Time": 1690508217,
        "End Time": 1690508217,
        "Well Time": 2780.3485889434814
    },
    "A6": {
        "Start Time": 1690508217,
        "Solutions Time": 1690508783,
        "Deposition Time": 1690509123,
        "Rinse Time": 1690510213,
        "Characterization Time": 1690510649,
        "Clear Well Time": 1690510870,
        "Flush Time": 1690510976,
        "End Time": 1690510976,
        "Well Time": 2758.9007058143616
    },
    "A7": {
        "Start Time": 1690510976,
        "Solutions Time": 1690511542,
        "Deposition Time": 1690511882,
        "Rinse Time": 1690512972,
        "Characterization Time": 1690513408,
        "Clear Well Time": 1690513629,
        "Flush Time": 1690513735,
        "End Time": 1690513735,
        "Well Time": 2758.667010307312
    },
    "A8": {
        "Start Time": 1690513735,
        "Solutions Time": 1690514301,
        "Deposition Time": 1690514641,
        "Rinse Time": 1690515731,
        "Characterization Time": 1690516167,
        "Clear Well Time": 1690516388,
        "Flush Time": 1690516494,
        "End Time": 1690516494,
        "Well Time": 2758.493020057678
    },
    "A9": {
        "Start Time": 1690516494,
        "Solutions Time": 1690517082,
        "Deposition Time": 1690517422,
        "Rinse Time": 1690518528,
        "Characterization Time": 1690518985,
        "Clear Well Time": 1690519221,
        "Flush Time": 1690519328,
        "End Time": 1690519328,
        "Well Time": 2833.3051404953003
    },
    "A10": {
        "Start Time": 1690519328,
        "Solutions Time": 1690519915,
        "Deposition Time": 1690520255,
        "Rinse Time": 1690521361,
        "Characterization Time": 1690521818,
        "Clear Well Time": 1690522055,
        "Flush Time": 1690522161,
        "End Time": 1690522161,
        "Well Time": 2832.880779027939
    },
    "A11": {
        "Start Time": 1690522161,
        "Solutions Time": 1690522749,
        "Deposition Time": 1690523088,
        "Rinse Time": 1690524194,
        "Characterization Time": 1690524652,
        "Clear Well Time": 1690524888,
        "Flush Time": 1690524995,
        "End Time": 1690524995,
        "Well Time": 2833.3882603645325
    },
    "A12": {
        "Start Time": 1690524995,
        "Solutions Time": 1690525582,
        "Deposition Time": 1690525922,
        "Rinse Time": 1690527028,
        "Characterization Time": 1690527485,
        "Clear Well Time": 1690527722,
        "Flush Time": 1690527828,
        "End Time": 1690527828,
        "Well Time": 2832.8820781707764
    },
    "B1": {
        "Start Time": 1690527828,
        "Solutions Time": 1690528395,
        "Deposition Time": 1690528734,
        "Rinse Time": 1690529867,
        "Characterization Time": 1690530303,
        "Clear Well Time": 1690530523,
        "Flush Time": 1690530630,
        "End Time": 1690530630,
        "Well Time": 2801.6168570518494
    },
    "B2": {
        "Start Time": 1690530630,
        "Solutions Time": 1690531196,
        "Deposition Time": 1690531536,
        "Rinse Time": 1690532668,
        "Characterization Time": 1690533104,
        "Clear Well Time": 1690533325,
        "Flush Time": 1690533431,
        "End Time": 1690533431,
        "Well Time": 2800.890771150589
    },
    "B3": {
        "Start Time": 1690533431,
        "Solutions Time": 1690533998,
        "Deposition Time": 1690534337,
        "Rinse Time": 1690535470,
        "Characterization Time": 1690535906,
        "Clear Well Time": 1690536127,
        "Flush Time": 1690536233,
        "End Time": 1690536233,
        "Well Time": 2801.181487560272
    },
    "B4": {
        "Start Time": 1690536233,
        "Solutions Time": 1690536800,
        "Deposition Time": 1690537139,
        "Rinse Time": 1690538251,
        "Characterization Time": 1690538687,
        "Clear Well Time": 1690538907,
        "Flush Time": 1690539014,
        "End Time": 1690539014,
        "Well Time": 2780.415988445282
    },
    "B5": {
        "Start Time": 1690539014,
        "Solutions Time": 1690539580,
        "Deposition Time": 1690539920,
        "Rinse Time": 1690541031,
        "Characterization Time": 1690541467,
        "Clear Well Time": 1690541688,
        "Flush Time": 1690541783,
        "End Time": 1690541783,
        "Well Time": 2768.916072368622
    },
    "B6": {
        "Start Time": 1690541783,
        "Solutions Time": 1690542329,
        "Deposition Time": 1690542668,
        "Rinse Time": 1690543779,
        "Characterization Time": 1690544216,
        "Clear Well Time": 1690544436,
        "Flush Time": 1690544532,
        "End Time": 1690544532,
        "Well Time": 2748.190543651581
    },
    "B7": {
        "Start Time": 1690544532,
        "Solutions Time": 1690545077,
        "Deposition Time": 1690545417,
        "Rinse Time": 1690546528,
        "Characterization Time": 1690546964,
        "Clear Well Time": 1690547185,
        "Flush Time": 1690547281,
        "End Time": 1690547281,
        "Well Time": 2748.565353870392
    },
    "B8": {
        "Start Time": 1690547281,
        "Solutions Time": 1690547826,
        "Deposition Time": 1690548165,
        "Rinse Time": 1690549256,
        "Characterization Time": 1690549692,
        "Clear Well Time": 1690549912,
        "Flush Time": 1690550008,
        "End Time": 1690550008,
        "Well Time": 2726.8896386623383
    },
    "B9": {
        "Start Time": 1690550008,
        "Solutions Time": 1690550553,
        "Deposition Time": 1690550893,
        "Rinse Time": 1690551983,
        "Characterization Time": 1690552419,
        "Clear Well Time": 1690552640,
        "Flush Time": 1690552735,
        "End Time": 1690552735,
        "Well Time": 2726.489422082901
    },
    "B10": {
        "Start Time": 1690552735,
        "Solutions Time": 1690553281,
        "Deposition Time": 1690553620,
        "Rinse Time": 1690554710,
        "Characterization Time": 1690555147,
        "Clear Well Time": 1690555367,
        "Flush Time": 1690555463,
        "End Time": 1690555463,
        "Well Time": 2727.084228515625
    },
    "B11": {
        "Start Time": 1690555463,
        "Solutions Time": 1690556029,
        "Deposition Time": 1690556369,
        "Rinse Time": 1690557475,
        "Characterization Time": 1690557933,
        "Clear Well Time": 1690558169,
        "Flush Time": 1690558265,
        "End Time": 1690558265,
        "Well Time": 2801.569955587387
    },
    "B12": {
        "Start Time": 1690558265,
        "Solutions Time": 1690558831,
        "Deposition Time": 1690559171,
        "Rinse Time": 1690560277,
        "Characterization Time": 1690560734,