{
    "A2": {
        "Start Time": 1690497089,
        "Solutions Time": 1690497656,
        "Deposition Time": 1690497996,
        "Rinse Time": 1690499112,
        "Characterization Time": 1690499549,
        "Clear Well Time": 1690499769,
        "Flush Time": 1690499875,
        "End Time": 1690499875,
        "Well Time": 2785.073005914688
    },
    "A3": {
        "Start Time": 1690499875,
        "Solutions Time": 1690500442,
        "Deposition Time": 1690500781,
        "Rinse Time": 1690501893,
        "Characterization Time": 1690502329,
        "Clear Well Time": 1690502549,
        "Flush Time": 1690502656,
        "End Time": 1690502656,
        "Well Time": 2780.0395851135254
    }
}