{
    "A2": {
        "Start Time": 1690497089,
        "Solutions Time": 1690497656,
        "Deposition Time": 1690497996,
        "Rinse Time": 1690499112,
        "Characterization Time": 1690499549,
        "Clear Well Time": 1690499769,
        "Flush Time": 1690499875,
        "End Time": 1690499875,
        "Well Time": 2785.073005914688
    },
    "A3": {
        "Start Time": 1690499875,
        "Solutions Time": 1690500442,
        "Deposition Time": 1690500781,
        "Rinse Time": 1690501893,
        "Characterization Time": 1690502329,
        "Clear Well Time": 1690502549,
        "Flush Time": 1690502656,
        "End Time": 1690502656,
        "Well Time": 2780.0395851135254
    },
    "A4": {
        "Start Time": 1690502656,
        "Solutions Time": 1690503222,
        "Deposition Time": 1690503562,
        "Rinse Time": 1690504673,
        "Characterization Time": 1690505109,
        "Clear Well Time": 1690505330,
        "Flush Time": 1690505436,
        "End Time": 1690505436,
        "Well Time": 2779.8282995224
    },
    "A5": {
        "Start Time": 1690505436,
        "Solutions Time": 1690506003,
        "Deposition Time": 1690506342,
        "Rinse Time": 1690507454,
        "Characterization Time": 1690507890,
        "Clear Well Time": 1690508110,
        "Flush Time": 1690508217,
        "End Time": 1690508217,
        "Well Time": 2780.3485889434814
    }
}