{
    "A1": {
      "Start Time": 1690411033.0117254,
      "Solutions Time": 620.6331143379211,
      "Deposition Time": 1690411102.5753667,
      "Rinse Time": 1891.9407849311829,
      "Characterization Time": 1690411618.534782,
      "Clear Well Time": 2136.0699825286865,
      "Flush Time": 1690411735.4072225,
      "Final Rinse Time": 3163.2374453544617,
      "End Time": 1690411735.4082232,
      "Well Time": 3865.633943080902
    },
    "A2": {
      "Start Time": 1690414898.648656,
      "Solutions Time": 620.7079944610596,
      "Deposition Time": 1690414968.010996,
      "Rinse Time": 1875.9935085773468,
      "Characterization Time": 1690415483.8419363,
      "Clear Well Time": 2120.037861585617,
      "Flush Time": 1690415600.6918397,
      "Final Rinse Time": 3125.8904876708984,
      "End Time": 1690415600.6928382,
      "Well Time": 3827.934669971466
    },
    "A3": {
      "Start Time": 1690418726.5863137,
      "Solutions Time": 620.7427988052368,
      "Deposition Time": 1690418795.9606535,
      "Rinse Time": 1870.696504831314,
      "Characterization Time": 1690419311.822918,
      "Clear Well Time": 2114.799578666687,
      "Flush Time": 1690419428.7049723,
      "Final Rinse Time": 3120.6439442634583,
      "End Time": 1690419428.7059658,
      "Well Time": 3822.7635962963104
    },
    "A4": {
      "Start Time": 1690422549.3519034,
      "Solutions Time": 620.6689081192017,
      "Deposition Time": 1690422618.7140794,
      "Rinse Time": 1870.6292366981506,
      "Characterization Time": 1690423134.6375618,
      "Clear Well Time": 2114.697704553604,
      "Flush Time": 1690423251.549343,
      "Final Rinse Time": 3120.574499607086,
      "End Time": 1690423251.5503395,
      "Well Time": 3822.772935628891
    },
    "A5": {
      "Start Time": 1690426372.1268325,
      "Solutions Time": 620.6730556488037,
      "Deposition Time": 1690426441.491843,
      "Rinse Time": 1870.573982477188,
      "Characterization Time": 1690426957.3702443,
      "Clear Well Time": 2114.651148557663,
      "Flush Time": 1690427074.2425656,
      "Final Rinse Time": 3120.5924112796783,
      "End Time": 1690427074.243565,
      "Well Time": 3822.7091438770294
    },
    "A6": {
      "Start Time": 1690430194.8379676,
      "Solutions Time": 620.6755373477936,
      "Deposition Time": 1690430264.2030482,
      "Rinse Time": 1849.3283941745758,
      "Characterization Time": 1690430780.0703347,
      "Clear Well Time": 2093.414626121521,
      "Flush Time": 1690430896.935012,
      "Final Rinse Time": 3078.079456806183,
      "End Time": 1690430896.936009,
      "Well Time": 3780.177498102188
    },
    "A7": {
      "Start Time": 1690433975.0184562,
      "Solutions Time": 620.713121175766,
      "Deposition Time": 1690434044.3955398,
      "Rinse Time": 1849.5201749801636,
      "Characterization Time": 1690434560.2078338,
      "Clear Well Time": 2093.5970232486725,
      "Flush Time": 1690434677.0628493,
      "Final Rinse Time": 3078.1681430339813,
      "End Time": 1690434677.0638433,
      "Well Time": 3780.213530063629
    },
    "A8": {
      "Start Time": 1690437755.2349765,
      "Solutions Time": 620.629236459732,
      "Deposition Time": 1690437824.6182761,
      "Rinse Time": 1849.304574728012,
      "Characterization Time": 1690438340.4724998,
      "Clear Well Time": 2093.389229774475,
      "Flush Time": 1690438457.3323278,
      "Final Rinse Time": 3077.9307219982147,
      "End Time": 1690438457.3323278,
      "Well Time": 3780.028073310852
    },
    "A9": {
      "Start Time": 1690441535.2660396,
      "Solutions Time": 641.8304159641266,
      "Deposition Time": 1690441604.6275127,
      "Rinse Time": 1886.532386302948,
      "Characterization Time": 1690442141.7759364,
      "Clear Well Time": 2146.5606772899628,
      "Flush Time": 1690442258.628918,
      "Final Rinse Time": 3131.2463381290436,
      "End Time": 1690442258.6299148,
      "Well Time": 3854.610213279724
    },
    "A10": {
      "Start Time": 1690445389.8782463,
      "Solutions Time": 641.8367621898651,
      "Deposition Time": 1690445459.244033,
      "Rinse Time": 1886.3947653770447,
      "Characterization Time": 1690445996.291947,
      "Clear Well Time": 2146.3911707401276,
      "Flush Time": 1690446113.1829472,
      "Final Rinse Time": 3131.100517511368,
      "End Time": 1690446113.1849413,
      "Well Time": 3854.407212495804
    },
    "A11": {
      "Start Time": 1690449244.2884486,
      "Solutions Time": 641.8031213283539,
      "Deposition Time": 1690449313.6727269,
      "Rinse Time": 1886.4602415561676,
      "Characterization Time": 1690449850.77266,
      "Clear Well Time": 2146.4882242679596,
      "Flush Time": 1690449967.6388984,
      "Final Rinse Time": 3131.1110968589783,
      "End Time": 1690449967.6398952,
      "Well Time": 3854.462543487549
    },
    "A12": {
      "Start Time": 1690453098.7529852,
      "Solutions Time": 641.8944766521454,
      "Deposition Time": 1690453168.1372325,
      "Rinse Time": 1886.5995495319366,
      "Characterization Time": 1690453705.2426417,
      "Clear Well Time": 2146.5767209529877,
      "Flush Time": 1690453822.0934737,
      "Final Rinse Time": 3131.0538642406464,
      "End Time": 1690453822.0944726,
      "Well Time": 3854.3953516483307
    },
    "B1": {
      "Start Time": 1690456953.1503305,
      "Solutions Time": 620.5877056121826,
      "Deposition Time": 1690457022.5385892,
      "Rinse Time": 1891.815238237381,
      "Characterization Time": 1690457538.4326127,
      "Clear Well Time": 2135.9108710289,
      "Flush Time": 1690457655.28907,
      "Final Rinse Time": 3162.98082280159,
      "End Time": 1690457655.290187,
      "Well Time": 3865.121595621109
    },
    "B2": {
      "Start Time": 1690460818.2739165,
      "Solutions Time": 620.7003939151764,
      "Deposition Time": 1690460887.6525285,
      "Rinse Time": 1891.8859362602234,
      "Characterization Time": 1690461403.5234087,
      "Clear Well Time": 2135.899413585663,
      "Flush Time": 1690461520.3995714,
      "Final Rinse Time": 3162.9965693950653,
      "End Time": 1690461520.4005716,
      "Well Time": 3865.1232244968414
    },
    "B3": {
      "Start Time": 1690464683.4001272,
      "Solutions Time": 957.6766083240509
    }
  }