Voltage,Time
1.8592845244028324,234.97841414830694
1.8248150755537882,69.06312105978861
1.562093127891543,412.68214600714504
1.2338968733497906,35.466181776138555
1.9907376777848675,500.6384265887245
1.3802618799904889,43.49393984081444
1.1357960380853465,1766.8912440444378
1.2793595308036811,192.78264413196825
1.634200484346207,120.7147036239953
1.025642885998256,1249.9696880716167
1.7060978874082144,813.6566757562267
1.4546692593343558,106.483600920623
