Voltage,Time
1.0848885866725477,37.00936206740904
1.5395337128062776,156.01759083405844
1.3845640990778572,53.4119547201538
1.0610716430344729,1474.603459024814
1.9237054759713486,828.6806912640684
1.839053937082318,228.4045530737411
1.2516334687375985,1089.2375187497357
1.4592082778975515,608.8656216696005
1.7882638169614649,66.56975951154867
1.6756157630138415,102.92389630466174
1.61100992538854,241.54166385552628
1.1842624590343298,363.9144904288753
